608975226,amzn/amazon-sidewalk-ios-samples,Organization,['sidewalk'],public,Swift,https://api.github.com/repos/amzn/amazon-sidewalk-ios-samples/languages,2023-03-03 05:28:13,"Fri, 14 Apr 2023 23:03:01 GMT",6,0,6,0,0,0,0,1,-1,2,https://api.github.com/repos/amzn/amazon-sidewalk-ios-samples
608950917,amzn/amazon-sidewalk-android-samples,Organization,['sidewalk'],public,Kotlin,https://api.github.com/repos/amzn/amazon-sidewalk-android-samples/languages,2023-03-03 03:49:07,"Fri, 10 Mar 2023 20:36:18 GMT",1,1,1,1,0,0,0,1,-1,2,https://api.github.com/repos/amzn/amazon-sidewalk-android-samples
602274745,amzn/amazon-marketing-stream-examples,Organization,[],public,Python,https://api.github.com/repos/amzn/amazon-marketing-stream-examples/languages,2023-02-15 21:33:26,"Wed, 08 Mar 2023 20:52:30 GMT",1,0,1,0,0,0,0,1,-1,2,https://api.github.com/repos/amzn/amazon-marketing-stream-examples
599063736,amzn/amazon-nearest-neighbor-through-ecc,Organization,[],public,Jupyter Notebook,https://api.github.com/repos/amzn/amazon-nearest-neighbor-through-ecc/languages,2023-02-08 11:30:01,"Tue, 14 Feb 2023 12:39:19 GMT",1,0,1,0,0,0,0,1,-1,1,https://api.github.com/repos/amzn/amazon-nearest-neighbor-through-ecc
576145133,amzn/rete-thewebconf-2022,Organization,[],public,Python,https://api.github.com/repos/amzn/rete-thewebconf-2022/languages,2022-12-09 05:30:50,"Fri, 03 Feb 2023 05:37:15 GMT",4,3,4,3,0,0,0,1,-1,2,https://api.github.com/repos/amzn/rete-thewebconf-2022
558296937,amzn/sto-transformer,Organization,[],public,Python,https://api.github.com/repos/amzn/sto-transformer/languages,2022-10-27 09:12:27,"Thu, 06 Apr 2023 02:33:56 GMT",8,1,8,1,0,0,0,1,-1,1,https://api.github.com/repos/amzn/sto-transformer
557442843,amzn/kqr,Organization,[],public,,https://api.github.com/repos/amzn/kqr/languages,2022-10-25 17:43:15,"Wed, 12 Apr 2023 06:53:37 GMT",3,0,3,0,0,0,0,1,-1,0,https://api.github.com/repos/amzn/kqr
543313926,amzn/seqzero,Organization,[],public,Python,https://api.github.com/repos/amzn/seqzero/languages,2022-09-29 20:48:11,"Thu, 30 Mar 2023 05:19:34 GMT",6,2,6,2,0,0,0,1,-1,1,https://api.github.com/repos/amzn/seqzero
540643632,amzn/smoke-aws-support,Organization,[],public,Swift,https://api.github.com/repos/amzn/smoke-aws-support/languages,2022-09-23 23:02:32,"Mon, 27 Feb 2023 06:44:08 GMT",4,1,4,1,1,0,0,9,-1,2,https://api.github.com/repos/amzn/smoke-aws-support
539147180,amzn/multilingual-keyphrase-generation,Organization,[],public,Python,https://api.github.com/repos/amzn/multilingual-keyphrase-generation/languages,2022-09-20 18:57:08,"Tue, 11 Apr 2023 09:43:37 GMT",6,2,6,2,0,0,0,1,-1,3,https://api.github.com/repos/amzn/multilingual-keyphrase-generation
534703381,amzn/openapi-swift-code-generate,Organization,[],public,Swift,https://api.github.com/repos/amzn/openapi-swift-code-generate/languages,2022-09-09 15:39:29,"Fri, 14 Apr 2023 05:36:40 GMT",7,0,7,0,0,0,0,2,-1,3,https://api.github.com/repos/amzn/openapi-swift-code-generate
534643324,amzn/merlin-on-demand-callgraph,Organization,[],public,Java,https://api.github.com/repos/amzn/merlin-on-demand-callgraph/languages,2022-09-09 12:58:23,"Mon, 12 Sep 2022 17:13:03 GMT",0,3,0,3,0,0,0,3,-1,3,https://api.github.com/repos/amzn/merlin-on-demand-callgraph
525540922,amzn/debiased-balanced-interleaving,Organization,[],public,Jupyter Notebook,https://api.github.com/repos/amzn/debiased-balanced-interleaving/languages,2022-08-16 21:00:03,"Sun, 09 Oct 2022 21:52:39 GMT",3,1,3,1,0,0,0,1,-1,3,https://api.github.com/repos/amzn/debiased-balanced-interleaving
515692801,amzn/confident-sinkhorn-allocation,Organization,"['pseudo-labeling', 'semi-supervised-learning', 'sinkhorn-algorithm', 'tabular-data', 'uncertainty-estimations', 'xgboost-classifier']",public,Jupyter Notebook,https://api.github.com/repos/amzn/confident-sinkhorn-allocation/languages,2022-07-19 18:06:40,"Thu, 30 Mar 2023 23:12:09 GMT",15,5,15,5,0,0,0,2,-1,2,https://api.github.com/repos/amzn/confident-sinkhorn-allocation
506742955,amzn/auction-gym,Organization,"['advertising', 'machine-learning', 'real-time-bidding', 'reinforcement-learning']",public,Jupyter Notebook,https://api.github.com/repos/amzn/auction-gym/languages,2022-06-23 18:04:40,"Sat, 08 Apr 2023 09:03:54 GMT",86,13,86,13,1,0,0,1,-1,4,https://api.github.com/repos/amzn/auction-gym
502096743,amzn/orthogonal-additive-gaussian-processes,Organization,[],public,Python,https://api.github.com/repos/amzn/orthogonal-additive-gaussian-processes/languages,2022-06-10 15:41:35,"Tue, 11 Apr 2023 20:16:46 GMT",25,3,25,3,3,2,0,2,-1,3,https://api.github.com/repos/amzn/orthogonal-additive-gaussian-processes
499244448,amzn/aws-sigv4-signing-samples,Organization,"['aws', 'java', 'sample', 'sigv4']",public,Java,https://api.github.com/repos/amzn/aws-sigv4-signing-samples/languages,2022-06-02 18:20:59,"Thu, 09 Jun 2022 12:01:53 GMT",0,1,0,1,0,0,0,1,-1,1,https://api.github.com/repos/amzn/aws-sigv4-signing-samples
495519526,amzn/amazon-ads-advertiser-audience-normalization-sdk-py,Organization,[],public,Python,https://api.github.com/repos/amzn/amazon-ads-advertiser-audience-normalization-sdk-py/languages,2022-05-23 17:59:56,"Fri, 13 Jan 2023 18:26:35 GMT",4,2,4,2,0,0,0,1,-1,2,https://api.github.com/repos/amzn/amazon-ads-advertiser-audience-normalization-sdk-py
494254989,amzn/data-jack-knife,Organization,[],public,Java,https://api.github.com/repos/amzn/data-jack-knife/languages,2022-05-19 23:08:45,"Fri, 20 May 2022 06:53:04 GMT",1,2,1,2,0,0,0,1,-1,1,https://api.github.com/repos/amzn/data-jack-knife
492978607,amzn/ads-advanced-tools-docs,Organization,"['amazon', 'amazon-ads-api', 'amazon-marketing-stream']",public,,https://api.github.com/repos/amzn/ads-advanced-tools-docs/languages,2022-05-16 19:49:03,"Sat, 22 Apr 2023 01:23:24 GMT",45,23,45,23,2,0,-1,1,-1,6,https://api.github.com/repos/amzn/ads-advanced-tools-docs
491970698,amzn/ss-aga-kgc,Organization,[],public,Python,https://api.github.com/repos/amzn/ss-aga-kgc/languages,2022-05-13 16:35:55,"Wed, 22 Mar 2023 06:45:15 GMT",23,8,23,8,6,0,0,1,-1,2,https://api.github.com/repos/amzn/ss-aga-kgc
468461714,amzn/robotiq-gripper-interface,Organization,[],public,C++,https://api.github.com/repos/amzn/robotiq-gripper-interface/languages,2022-03-10 18:18:11,"Thu, 11 Aug 2022 04:46:20 GMT",2,3,2,3,1,0,0,1,-1,3,https://api.github.com/repos/amzn/robotiq-gripper-interface
465661586,amzn/amazon-succinct-doc-representation,Organization,[],public,Python,https://api.github.com/repos/amzn/amazon-succinct-doc-representation/languages,2022-03-03 09:56:51,"Thu, 29 Sep 2022 16:15:46 GMT",4,1,4,1,1,0,0,1,-1,1,https://api.github.com/repos/amzn/amazon-succinct-doc-representation
465503341,amzn/rheoceros,Organization,"['ai', 'aws', 'aws-emr', 'aws-glue', 'aws-lambda', 'bring-your-own-account', 'cloud', 'data-science', 'event-based', 'feature-engineering', 'flow', 'low-code-framework', 'machine-learning', 'pyspark', 'sagemaker-notebook', 'sagemaker-notebook-instance', 'scala-spark', 'serverless', 'spark']",public,Python,https://api.github.com/repos/amzn/rheoceros/languages,2022-03-02 23:36:02,"Thu, 09 Mar 2023 03:56:23 GMT",12,6,12,6,0,0,0,1,-1,3,https://api.github.com/repos/amzn/rheoceros
438379479,amzn/cosearcher,Organization,[],public,Python,https://api.github.com/repos/amzn/cosearcher/languages,2021-12-14 19:44:04,"Tue, 07 Feb 2023 14:30:59 GMT",4,3,4,3,1,0,0,1,-1,4,https://api.github.com/repos/amzn/cosearcher
431462375,amzn/trans-encoder,Organization,[],public,Python,https://api.github.com/repos/amzn/trans-encoder/languages,2021-11-24 11:44:32,"Fri, 14 Apr 2023 10:30:07 GMT",117,14,117,14,1,0,0,1,-1,4,https://api.github.com/repos/amzn/trans-encoder
429297502,amzn/amazon-codeguru-profiler-for-spark,Organization,[],public,Java,https://api.github.com/repos/amzn/amazon-codeguru-profiler-for-spark/languages,2021-11-18 04:37:55,"Thu, 09 Mar 2023 04:19:54 GMT",14,9,14,9,0,0,0,1,-1,1,https://api.github.com/repos/amzn/amazon-codeguru-profiler-for-spark
415609745,amzn/glad,Organization,"['architecture', 'diagram', 'generator', 'graph', 'javascript', 'layers', 'nodejs', 'npm', 'typescript', 'validation']",public,JavaScript,https://api.github.com/repos/amzn/glad/languages,2021-10-10 14:30:42,"Wed, 31 Aug 2022 18:31:19 GMT",8,3,8,3,1,1,0,1,-1,2,https://api.github.com/repos/amzn/glad
409222792,amzn/nimbus-jose-jwt_aws-kms-extension,Organization,"['aws', 'jose', 'jwe', 'jws', 'jwt', 'kms', 'nimbus-jose-jwt']",public,Java,https://api.github.com/repos/amzn/nimbus-jose-jwt_aws-kms-extension/languages,2021-09-22 13:48:53,"Sat, 09 Jul 2022 07:17:11 GMT",3,5,3,5,2,1,0,2,-1,2,https://api.github.com/repos/amzn/nimbus-jose-jwt_aws-kms-extension
405148233,amzn/multiconer-baseline,Organization,[],public,Python,https://api.github.com/repos/amzn/multiconer-baseline/languages,2021-09-10 16:40:36,"Mon, 27 Mar 2023 10:41:58 GMT",38,29,38,29,6,0,0,1,-1,3,https://api.github.com/repos/amzn/multiconer-baseline
397426400,amzn/amazon-frustration-free-setup-certification-tool,Organization,[],public,Python,https://api.github.com/repos/amzn/amazon-frustration-free-setup-certification-tool/languages,2021-08-18 00:30:56,"Sun, 27 Nov 2022 13:14:30 GMT",5,5,5,5,0,0,0,1,-1,2,https://api.github.com/repos/amzn/amazon-frustration-free-setup-certification-tool
392330982,amzn/fashion-attribute-disentanglement,Organization,[],public,Python,https://api.github.com/repos/amzn/fashion-attribute-disentanglement/languages,2021-08-03 13:40:57,"Mon, 13 Feb 2023 09:17:56 GMT",33,8,33,8,1,0,0,1,-1,2,https://api.github.com/repos/amzn/fashion-attribute-disentanglement
391178441,amzn/eslint-plugin-no-date-parsing,Organization,['eslint-plugin'],public,TypeScript,https://api.github.com/repos/amzn/eslint-plugin-no-date-parsing/languages,2021-07-30 20:11:02,"Wed, 29 Mar 2023 12:49:08 GMT",11,4,11,4,0,0,0,1,-1,2,https://api.github.com/repos/amzn/eslint-plugin-no-date-parsing
382844497,amzn/multimodal-affinities,Organization,[],public,Python,https://api.github.com/repos/amzn/multimodal-affinities/languages,2021-07-04 12:18:29,"Tue, 30 Aug 2022 05:39:57 GMT",5,5,5,5,0,0,0,1,-1,2,https://api.github.com/repos/amzn/multimodal-affinities
382814124,amzn/amazon-weak-ner-needle,Organization,"['bert', 'biomedical', 'biomedical-named-entity-recognition', 'distant-supervision', 'ner', 'weak-supervision', 'weakly-supervised-learning']",public,Python,https://api.github.com/repos/amzn/amazon-weak-ner-needle/languages,2021-07-04 09:40:16,"Tue, 14 Feb 2023 23:16:46 GMT",94,26,94,26,9,4,0,5,-1,3,https://api.github.com/repos/amzn/amazon-weak-ner-needle
381044204,amzn/firetv-sample-touch-app,Organization,"['amazon', 'android', 'apps', 'appstore', 'firetv', 'ott', 'sample', 'sample-app', 'samples', 'template', 'tv']",public,Java,https://api.github.com/repos/amzn/firetv-sample-touch-app/languages,2021-06-28 13:37:39,"Fri, 11 Nov 2022 22:10:05 GMT",10,6,10,6,1,0,0,1,-1,2,https://api.github.com/repos/amzn/firetv-sample-touch-app
379347556,amzn/supply-chain-simulation-environment,Organization,[],public,Python,https://api.github.com/repos/amzn/supply-chain-simulation-environment/languages,2021-06-22 17:18:09,"Fri, 17 Mar 2023 17:39:27 GMT",35,17,35,17,1,1,0,1,-1,2,https://api.github.com/repos/amzn/supply-chain-simulation-environment
371542292,amzn/refuel-open-domain-qa,Organization,[],public,Python,https://api.github.com/repos/amzn/refuel-open-domain-qa/languages,2021-05-28 01:01:41,"Wed, 04 Jan 2023 06:05:54 GMT",11,6,11,6,0,0,0,1,-1,3,https://api.github.com/repos/amzn/refuel-open-domain-qa
371131214,amzn/halo-third-party-sdk-for-python,Organization,[],public,Python,https://api.github.com/repos/amzn/halo-third-party-sdk-for-python/languages,2021-05-26 18:21:45,"Sat, 18 Mar 2023 19:46:09 GMT",3,5,3,5,0,0,0,4,-1,3,https://api.github.com/repos/amzn/halo-third-party-sdk-for-python
371130626,amzn/halo-third-party-sdk-for-java,Organization,[],public,Java,https://api.github.com/repos/amzn/halo-third-party-sdk-for-java/languages,2021-05-26 18:19:29,"Sat, 15 Apr 2023 00:03:47 GMT",5,4,5,4,0,0,0,4,-1,3,https://api.github.com/repos/amzn/halo-third-party-sdk-for-java
371129221,amzn/halo-third-party-sdk-for-node-js,Organization,[],public,TypeScript,https://api.github.com/repos/amzn/halo-third-party-sdk-for-node-js/languages,2021-05-26 18:13:35,"Fri, 07 Apr 2023 00:33:20 GMT",6,5,6,5,0,0,0,5,-1,3,https://api.github.com/repos/amzn/halo-third-party-sdk-for-node-js
369409385,amzn/amigitenough,Organization,[],public,Go,https://api.github.com/repos/amzn/amigitenough/languages,2021-05-21 04:06:08,"Mon, 06 Dec 2021 02:02:33 GMT",3,6,3,6,0,0,0,1,-1,0,https://api.github.com/repos/amzn/amigitenough
368813141,amzn/amazon-hub-support,Organization,[],public,PowerShell,https://api.github.com/repos/amzn/amazon-hub-support/languages,2021-05-19 09:24:57,"Tue, 07 Mar 2023 23:54:28 GMT",5,7,5,7,0,0,0,2,-1,2,https://api.github.com/repos/amzn/amazon-hub-support
364360221,amzn/ion-object-mapper-dotnet,Organization,[],public,C#,https://api.github.com/repos/amzn/ion-object-mapper-dotnet/languages,2021-05-04 19:10:41,"Sat, 20 Aug 2022 01:46:08 GMT",5,12,5,12,11,2,0,4,-1,10,https://api.github.com/repos/amzn/ion-object-mapper-dotnet
361620746,amzn/zero-shot-rlhr,Organization,[],public,Python,https://api.github.com/repos/amzn/zero-shot-rlhr/languages,2021-04-26 04:49:11,"Wed, 08 Mar 2023 11:29:36 GMT",42,13,42,13,1,0,0,1,-1,3,https://api.github.com/repos/amzn/zero-shot-rlhr
360592248,amzn/explainable-text-vqa,Organization,[],public,,https://api.github.com/repos/amzn/explainable-text-vqa/languages,2021-04-22 16:52:53,"Fri, 28 Oct 2022 17:02:14 GMT",8,5,8,5,2,0,0,1,-1,1,https://api.github.com/repos/amzn/explainable-text-vqa
342571959,amzn/image-to-recipe-transformers,Organization,[],public,Python,https://api.github.com/repos/amzn/image-to-recipe-transformers/languages,2021-02-26 12:40:03,"Sun, 02 Apr 2023 13:55:42 GMT",71,19,71,19,0,0,0,1,-1,2,https://api.github.com/repos/amzn/image-to-recipe-transformers
336979276,amzn/golang-gitoperations,Organization,[],public,Go,https://api.github.com/repos/amzn/golang-gitoperations/languages,2021-02-08 06:19:14,"Thu, 18 Aug 2022 06:48:50 GMT",5,5,5,5,0,0,0,1,-1,1,https://api.github.com/repos/amzn/golang-gitoperations
331769873,amzn/amazon-ray,Organization,[],public,Python,https://api.github.com/repos/amzn/amazon-ray/languages,2021-01-21 22:18:15,"Sun, 26 Feb 2023 20:27:39 GMT",55,22,55,22,11,1,0,1,-1,420,https://api.github.com/repos/amzn/amazon-ray
313583267,amzn/sparse-vqvae,Organization,"['sparse-coding', 'vqvae']",public,Python,https://api.github.com/repos/amzn/sparse-vqvae/languages,2020-11-17 10:26:05,"Sat, 27 Aug 2022 14:27:20 GMT",20,10,20,10,0,0,0,1,-1,3,https://api.github.com/repos/amzn/sparse-vqvae
313293017,amzn/aws-apigateway-client-lib,Organization,[],public,,https://api.github.com/repos/amzn/aws-apigateway-client-lib/languages,2020-11-16 12:20:29,"Mon, 06 Dec 2021 02:17:49 GMT",2,5,2,5,0,0,0,2,-1,1,https://api.github.com/repos/amzn/aws-apigateway-client-lib
307377926,amzn/amzn-ec2-ena-utilities,Organization,[],public,Python,https://api.github.com/repos/amzn/amzn-ec2-ena-utilities/languages,2020-10-26 13:15:33,"Sun, 27 Nov 2022 13:13:29 GMT",9,7,9,7,1,0,0,1,-1,2,https://api.github.com/repos/amzn/amzn-ec2-ena-utilities
306709802,amzn/credence-to-causal-estimation,Organization,['causalinference'],public,Python,https://api.github.com/repos/amzn/credence-to-causal-estimation/languages,2020-10-23 17:56:33,"Wed, 19 Apr 2023 09:52:18 GMT",21,14,21,14,1,0,0,7,-1,2,https://api.github.com/repos/amzn/credence-to-causal-estimation
304750374,amzn/image-misspell-coling2020,Organization,[],public,,https://api.github.com/repos/amzn/image-misspell-coling2020/languages,2020-10-16 22:23:04,"Mon, 12 Dec 2022 23:38:19 GMT",4,5,4,5,0,0,0,1,-1,2,https://api.github.com/repos/amzn/image-misspell-coling2020
286876809,amzn/pecos,Organization,"['approximate-nearest-neighbor-search', 'extreme-multi-label-classification', 'extreme-multi-label-ranking', 'machine-learning-algorithms', 'transformers']",public,Python,https://api.github.com/repos/amzn/pecos/languages,2020-08-12 00:25:51,"Thu, 20 Apr 2023 11:37:20 GMT",420,93,420,93,1,1,0,1,-1,23,https://api.github.com/repos/amzn/pecos
285929660,amzn/amazon-payment-files-tools,Organization,[],public,Kotlin,https://api.github.com/repos/amzn/amazon-payment-files-tools/languages,2020-08-07 22:14:01,"Sun, 27 Nov 2022 13:08:49 GMT",7,6,7,6,0,0,-1,1,-1,3,https://api.github.com/repos/amzn/amazon-payment-files-tools
283052597,amzn/selling-partner-api-models,Organization,[],public,Java,https://api.github.com/repos/amzn/selling-partner-api-models/languages,2020-07-28 00:31:42,"Sat, 22 Apr 2023 17:41:51 GMT",408,653,408,653,88,36,0,4,-1,21,https://api.github.com/repos/amzn/selling-partner-api-models
283051915,amzn/selling-partner-api-docs,Organization,[],public,HTML,https://api.github.com/repos/amzn/selling-partner-api-docs/languages,2020-07-28 00:27:54,"Fri, 21 Apr 2023 14:37:43 GMT",1412,835,1412,835,199,2,0,3,-1,26,https://api.github.com/repos/amzn/selling-partner-api-docs
273554975,amzn/distance-assistant,Organization,[],public,Python,https://api.github.com/repos/amzn/distance-assistant/languages,2020-06-19 17:51:29,"Tue, 15 Nov 2022 04:23:35 GMT",132,36,132,36,8,2,0,1,-1,4,https://api.github.com/repos/amzn/distance-assistant
271956469,amzn/workspace-resolver,Organization,[],public,JavaScript,https://api.github.com/repos/amzn/workspace-resolver/languages,2020-06-13 06:48:39,"Sun, 12 Mar 2023 02:36:40 GMT",5,5,5,5,0,0,0,1,-1,3,https://api.github.com/repos/amzn/workspace-resolver
270739077,amzn/awsssmchaosrunner,Organization,"['aws', 'aws-fis', 'aws-ssm', 'chaos-engineering', 'ec2', 'ecs', 'failure-injection', 'fault-injection-simulator', 'kotlin', 'ssm']",public,Kotlin,https://api.github.com/repos/amzn/awsssmchaosrunner/languages,2020-06-08 16:21:19,"Mon, 03 Apr 2023 17:21:11 GMT",234,19,234,19,1,0,-1,1,-1,6,https://api.github.com/repos/amzn/awsssmchaosrunner
268365774,amzn/convolutional-handwriting-gan,Organization,"['cvpr', 'cvpr-2020', 'cvpr20', 'cvpr2020', 'domain-adaptation', 'gan', 'handwriting', 'ocr', 'semi-supervised', 'transfer-learning', 'unlabeled-data']",public,Python,https://api.github.com/repos/amzn/convolutional-handwriting-gan/languages,2020-05-31 21:17:42,"Wed, 12 Apr 2023 11:42:49 GMT",223,53,223,53,16,0,0,1,-1,4,https://api.github.com/repos/amzn/convolutional-handwriting-gan
258575735,amzn/amazon-pay-api-sdk-nodejs,Organization,"['amazon-pay-api', 'amazon-pay-sdk', 'sdk', 'sdk-nodejs']",public,JavaScript,https://api.github.com/repos/amzn/amazon-pay-api-sdk-nodejs/languages,2020-04-24 17:15:24,"Thu, 12 Jan 2023 17:06:13 GMT",29,15,29,15,2,0,0,1,-1,9,https://api.github.com/repos/amzn/amazon-pay-api-sdk-nodejs
252813133,amzn/differential-privacy-bayesian-optimization,Organization,"['active-learning', 'bayesian-optimization', 'differential-privacy', 'differential-privacy-deep-learning', 'hyperparameter-optimization', 'hyperparameter-tuning', 'multiobjective-optimization', 'pareto-front']",public,Python,https://api.github.com/repos/amzn/differential-privacy-bayesian-optimization/languages,2020-04-03 18:45:17,"Fri, 27 Jan 2023 20:36:09 GMT",22,15,22,15,0,0,0,1,-1,5,https://api.github.com/repos/amzn/differential-privacy-bayesian-optimization
245295880,amzn/ftv-livetv-sample-tv-app,Organization,[],public,Java,https://api.github.com/repos/amzn/ftv-livetv-sample-tv-app/languages,2020-03-06 00:24:59,"Mon, 05 Dec 2022 12:03:43 GMT",17,21,17,21,3,0,0,2,-1,6,https://api.github.com/repos/amzn/ftv-livetv-sample-tv-app
239001393,amzn/computer-vision-basics-in-microsoft-excel,Organization,[],public,,https://api.github.com/repos/amzn/computer-vision-basics-in-microsoft-excel/languages,2020-02-07 18:55:11,"Wed, 19 Apr 2023 23:16:50 GMT",2307,239,2307,239,0,0,0,1,-1,3,https://api.github.com/repos/amzn/computer-vision-basics-in-microsoft-excel
225431811,amzn/amazon-hub-counter-api-docs,Organization,[],public,CSS,https://api.github.com/repos/amzn/amazon-hub-counter-api-docs/languages,2019-12-02 17:30:48,"Fri, 24 Feb 2023 14:41:27 GMT",4,9,4,9,1,0,0,22,-1,9,https://api.github.com/repos/amzn/amazon-hub-counter-api-docs
220352818,amzn/basis-point-sets,Organization,[],public,Python,https://api.github.com/repos/amzn/basis-point-sets/languages,2019-11-08 00:14:27,"Sun, 16 Apr 2023 14:43:05 GMT",17,8,17,8,3,1,0,1,-1,2,https://api.github.com/repos/amzn/basis-point-sets
220103558,amzn/milan,Organization,[],public,Scala,https://api.github.com/repos/amzn/milan/languages,2019-11-06 22:37:51,"Thu, 30 Mar 2023 19:38:04 GMT",37,19,37,19,6,4,0,5,-1,4,https://api.github.com/repos/amzn/milan
212874433,amzn/zeek-plugin-tds,Organization,"['security-tools', 'zeek', 'zeek-package']",public,Zeek,https://api.github.com/repos/amzn/zeek-plugin-tds/languages,2019-10-04 18:01:45,"Thu, 11 Aug 2022 01:53:45 GMT",20,9,20,9,2,2,0,1,-1,5,https://api.github.com/repos/amzn/zeek-plugin-tds
212874168,amzn/zeek-plugin-s7comm,Organization,"['ics-security', 'security-tools', 'zeek', 'zeek-package']",public,Zeek,https://api.github.com/repos/amzn/zeek-plugin-s7comm/languages,2019-10-04 18:00:25,"Sun, 27 Nov 2022 13:16:03 GMT",32,13,32,13,2,1,0,1,-1,5,https://api.github.com/repos/amzn/zeek-plugin-s7comm
212873911,amzn/zeek-plugin-profinet,Organization,[],public,Zeek,https://api.github.com/repos/amzn/zeek-plugin-profinet/languages,2019-10-04 17:59:03,"Thu, 19 Jan 2023 11:21:12 GMT",22,16,22,16,4,2,0,1,-1,6,https://api.github.com/repos/amzn/zeek-plugin-profinet
212873469,amzn/zeek-plugin-enip,Organization,"['ics-security', 'security-tools', 'zeek', 'zeek-package']",public,Zeek,https://api.github.com/repos/amzn/zeek-plugin-enip/languages,2019-10-04 17:56:40,"Fri, 27 Jan 2023 05:50:10 GMT",38,15,38,15,1,1,0,1,-1,4,https://api.github.com/repos/amzn/zeek-plugin-enip
212873101,amzn/zeek-plugin-bacnet,Organization,"['ics-security', 'security-tools', 'zeek', 'zeek-package']",public,Zeek,https://api.github.com/repos/amzn/zeek-plugin-bacnet/languages,2019-10-04 17:54:21,"Thu, 24 Nov 2022 11:10:59 GMT",24,12,24,12,20,1,0,1,-1,4,https://api.github.com/repos/amzn/zeek-plugin-bacnet
211173772,amzn/amazon-hub-counter-api-samples,Organization,[],public,Java,https://api.github.com/repos/amzn/amazon-hub-counter-api-samples/languages,2019-09-26 20:14:36,"Mon, 20 Dec 2021 19:18:52 GMT",2,7,2,7,0,0,0,1,-1,6,https://api.github.com/repos/amzn/amazon-hub-counter-api-samples
211173264,amzn/amazon-hub-counter-sdk-java,Organization,[],public,Java,https://api.github.com/repos/amzn/amazon-hub-counter-sdk-java/languages,2019-09-26 20:11:19,"Mon, 20 Dec 2021 19:13:24 GMT",2,8,2,8,1,1,0,1,-1,5,https://api.github.com/repos/amzn/amazon-hub-counter-sdk-java
205034001,amzn/amazon-pay-api-sdk-dotnet,Organization,[],public,C#,https://api.github.com/repos/amzn/amazon-pay-api-sdk-dotnet/languages,2019-08-28 22:27:25,"Thu, 12 Jan 2023 17:04:55 GMT",11,11,11,11,2,0,0,3,-1,7,https://api.github.com/repos/amzn/amazon-pay-api-sdk-dotnet
204521054,amzn/amazon-pay-api-sdk-java,Organization,[],public,Java,https://api.github.com/repos/amzn/amazon-pay-api-sdk-java/languages,2019-08-26 16:55:21,"Thu, 12 Jan 2023 17:05:35 GMT",25,16,25,16,5,3,0,4,-1,5,https://api.github.com/repos/amzn/amazon-pay-api-sdk-java
199918130,amzn/git-commit-template,Organization,"['commit-message', 'git-hooks', 'husky', 'pre-commit-hook']",public,JavaScript,https://api.github.com/repos/amzn/git-commit-template/languages,2019-07-31 19:38:11,"Fri, 27 Jan 2023 22:44:15 GMT",18,8,18,8,9,6,1,7,-1,4,https://api.github.com/repos/amzn/git-commit-template
194170466,amzn/amazon-pay-api-sdk-php,Organization,[],public,PHP,https://api.github.com/repos/amzn/amazon-pay-api-sdk-php/languages,2019-06-27 22:23:16,"Fri, 31 Mar 2023 00:26:38 GMT",36,27,36,27,11,0,0,3,-1,10,https://api.github.com/repos/amzn/amazon-pay-api-sdk-php
190665843,amzn/sample-fire-tv-app-video-skill,Organization,[],public,Java,https://api.github.com/repos/amzn/sample-fire-tv-app-video-skill/languages,2019-06-07 00:05:27,"Thu, 12 May 2022 09:38:55 GMT",12,11,12,11,0,0,0,1,-1,4,https://api.github.com/repos/amzn/sample-fire-tv-app-video-skill
186874528,amzn/amazon-s3-gst-plugin,Organization,"['aws', 'aws-s3', 'gst', 'gstreamer', 'gstreamer-plugins', 's3']",public,C,https://api.github.com/repos/amzn/amazon-s3-gst-plugin/languages,2019-05-15 17:33:53,"Sun, 12 Mar 2023 02:35:59 GMT",31,19,31,19,4,1,0,1,-1,6,https://api.github.com/repos/amzn/amazon-s3-gst-plugin
185252023,amzn/metalearn-leap,Organization,[],public,Python,https://api.github.com/repos/amzn/metalearn-leap/languages,2019-05-06 18:40:19,"Wed, 18 Jan 2023 02:32:18 GMT",146,34,146,34,2,0,0,1,-1,3,https://api.github.com/repos/amzn/metalearn-leap
175075497,amzn/gameon-starter-kit-unity,Organization,[],public,C#,https://api.github.com/repos/amzn/gameon-starter-kit-unity/languages,2019-03-11 20:04:30,"Sat, 10 Jul 2021 13:21:16 GMT",3,7,3,7,0,0,0,1,-1,1,https://api.github.com/repos/amzn/gameon-starter-kit-unity
171766803,amzn/rdma-core,Organization,[],public,C,https://api.github.com/repos/amzn/rdma-core/languages,2019-02-20 23:44:44,"Thu, 16 Mar 2023 10:51:29 GMT",12,4,12,552,0,0,0,75,-1,200,https://api.github.com/repos/amzn/rdma-core
171392350,amzn/service-model-swift-code-generate,Organization,[],public,Swift,https://api.github.com/repos/amzn/service-model-swift-code-generate/languages,2019-02-19 02:41:18,"Sun, 18 Dec 2022 22:04:55 GMT",16,15,16,15,3,0,0,6,-1,11,https://api.github.com/repos/amzn/service-model-swift-code-generate
171391775,amzn/smoke-framework-examples,Organization,[],public,Swift,https://api.github.com/repos/amzn/smoke-framework-examples/languages,2019-02-19 02:36:59,"Thu, 19 Jan 2023 05:25:23 GMT",18,9,18,9,1,1,0,9,-1,2,https://api.github.com/repos/amzn/smoke-framework-examples
171339259,amzn/.github,Organization,[],public,,https://api.github.com/repos/amzn/.github/languages,2019-02-18 18:59:22,"Wed, 08 Mar 2023 20:02:35 GMT",8,227,8,227,1,0,-1,1,-1,5,https://api.github.com/repos/amzn/.github
170778938,amzn/smoke-framework-application-generate,Organization,[],public,Swift,https://api.github.com/repos/amzn/smoke-framework-application-generate/languages,2019-02-15 00:44:19,"Sun, 09 Apr 2023 05:29:16 GMT",22,9,22,9,1,1,0,6,-1,5,https://api.github.com/repos/amzn/smoke-framework-application-generate
170778618,amzn/smoke-aws-generate,Organization,[],public,Swift,https://api.github.com/repos/amzn/smoke-aws-generate/languages,2019-02-15 00:40:50,"Fri, 16 Dec 2022 04:35:44 GMT",18,10,18,10,4,1,0,9,-1,4,https://api.github.com/repos/amzn/smoke-aws-generate
164706289,amzn/sketch-constructor,Organization,[],public,JavaScript,https://api.github.com/repos/amzn/sketch-constructor/languages,2019-01-08 18:08:52,"Wed, 19 Apr 2023 09:56:57 GMT",526,49,526,49,28,7,0,12,-1,14,https://api.github.com/repos/amzn/sketch-constructor
157912632,amzn/smoke-dynamodb,Organization,[],public,Swift,https://api.github.com/repos/amzn/smoke-dynamodb/languages,2018-11-16 19:31:34,"Wed, 12 Apr 2023 10:00:50 GMT",36,14,36,14,6,3,0,19,-1,8,https://api.github.com/repos/amzn/smoke-dynamodb
157788508,amzn/smoke-aws-credentials,Organization,[],public,Swift,https://api.github.com/repos/amzn/smoke-aws-credentials/languages,2018-11-16 00:07:50,"Sun, 20 Mar 2022 23:10:08 GMT",16,11,16,11,2,1,0,11,-1,1,https://api.github.com/repos/amzn/smoke-aws-credentials
155782195,amzn/smoke-http,Organization,[],public,Swift,https://api.github.com/repos/amzn/smoke-http/languages,2018-11-01 22:12:56,"Sun, 09 Apr 2023 23:19:47 GMT",66,14,66,14,2,1,0,10,-1,7,https://api.github.com/repos/amzn/smoke-http
155781968,amzn/smoke-aws,Organization,[],public,Swift,https://api.github.com/repos/amzn/smoke-aws/languages,2018-11-01 22:10:09,"Wed, 15 Feb 2023 14:57:53 GMT",106,19,106,19,5,0,0,13,-1,10,https://api.github.com/repos/amzn/smoke-aws
152118796,amzn/gameon-sample-game-unity,Organization,[],public,C#,https://api.github.com/repos/amzn/gameon-sample-game-unity/languages,2018-10-08 17:25:08,"Sat, 10 Jul 2021 13:22:19 GMT",6,10,6,10,1,0,0,1,-1,0,https://api.github.com/repos/amzn/gameon-sample-game-unity
151299222,amzn/smoke-framework,Organization,[],public,Swift,https://api.github.com/repos/amzn/smoke-framework/languages,2018-10-02 17:58:20,"Thu, 20 Apr 2023 07:11:47 GMT",1390,42,1390,42,8,2,0,16,-1,9,https://api.github.com/repos/amzn/smoke-framework
147290704,amzn/emukit-playground,Organization,[],public,JavaScript,https://api.github.com/repos/amzn/emukit-playground/languages,2018-09-04 05:02:55,"Sun, 27 Nov 2022 13:07:04 GMT",21,11,21,11,0,0,0,1,-1,4,https://api.github.com/repos/amzn/emukit-playground
143745324,amzn/tiny-attribution-generator,Organization,"['licensing', 'nodejs', 'open-source-tooling']",public,TypeScript,https://api.github.com/repos/amzn/tiny-attribution-generator/languages,2018-08-06 15:07:34,"Thu, 16 Feb 2023 19:29:01 GMT",19,14,19,14,1,0,0,2,-1,7,https://api.github.com/repos/amzn/tiny-attribution-generator
143047851,amzn/MXFusion,Organization,"['bayesian-inference', 'machine-learning', 'mxnet', 'probabilistic-programming', 'python', 'variational-inference']",public,Python,https://api.github.com/repos/amzn/MXFusion/languages,2018-07-31 17:47:44,"Fri, 10 Mar 2023 16:58:23 GMT",101,30,101,30,52,7,1,5,-1,6,https://api.github.com/repos/amzn/MXFusion
141758734,amzn/drs-sample-ios-app,Organization,[],public,Objective-C,https://api.github.com/repos/amzn/drs-sample-ios-app/languages,2018-07-20 21:17:37,"Fri, 17 Mar 2023 00:05:32 GMT",4,6,4,6,0,0,0,1,-1,2,https://api.github.com/repos/amzn/drs-sample-ios-app
141758694,amzn/drs-sample-android-app,Organization,[],public,Java,https://api.github.com/repos/amzn/drs-sample-android-app/languages,2018-07-20 21:17:03,"Fri, 17 Mar 2023 00:05:27 GMT",7,17,7,17,0,0,0,1,-1,2,https://api.github.com/repos/amzn/drs-sample-android-app
139183633,amzn/xfer,Organization,"['machine-learning', 'mxnet', 'neural-network', 'python', 'transfer-learning']",public,Python,https://api.github.com/repos/amzn/xfer/languages,2018-06-29 18:37:36,"Tue, 04 Apr 2023 14:10:40 GMT",249,60,249,60,6,3,0,3,-1,8,https://api.github.com/repos/amzn/xfer
130394192,amzn/amazon-template-library,Organization,[],public,C++,https://api.github.com/repos/amzn/amazon-template-library/languages,2018-04-20 17:31:06,"Sun, 27 Nov 2022 13:06:08 GMT",14,6,14,6,0,0,0,1,-1,1,https://api.github.com/repos/amzn/amazon-template-library
128848910,amzn/hawktracer,Organization,"['hacktoberfest', 'instrumentation', 'performance', 'performance-monitoring']",public,C++,https://api.github.com/repos/amzn/hawktracer/languages,2018-04-10 00:17:00,"Fri, 14 Apr 2023 09:41:17 GMT",121,30,121,30,22,5,0,8,-1,10,https://api.github.com/repos/amzn/hawktracer
125078695,amzn/amazon-launcher-integration-cordova-plugin,Organization,[],public,JavaScript,https://api.github.com/repos/amzn/amazon-launcher-integration-cordova-plugin/languages,2018-03-13 16:06:32,"Sat, 23 Jul 2022 02:11:55 GMT",9,6,9,6,1,0,0,1,-1,2,https://api.github.com/repos/amzn/amazon-launcher-integration-cordova-plugin
114841384,amzn/autotrail,Organization,[],public,Python,https://api.github.com/repos/amzn/autotrail/languages,2017-12-20 04:05:43,"Sat, 16 Jul 2022 23:21:53 GMT",18,12,18,12,0,0,0,1,-1,3,https://api.github.com/repos/amzn/autotrail
113228302,amzn/amazon-mcf-plugin-for-magento-1,Organization,[],public,PHP,https://api.github.com/repos/amzn/amazon-mcf-plugin-for-magento-1/languages,2017-12-05 20:13:52,"Tue, 08 Feb 2022 02:31:42 GMT",13,11,13,11,4,2,0,1,-1,3,https://api.github.com/repos/amzn/amazon-mcf-plugin-for-magento-1
101670463,amzn/oss-contribution-tracker,Organization,['open-source-tooling'],public,TypeScript,https://api.github.com/repos/amzn/oss-contribution-tracker/languages,2017-08-28 17:45:55,"Sat, 28 Jan 2023 09:10:15 GMT",39,15,39,15,1,0,-1,1,-1,6,https://api.github.com/repos/amzn/oss-contribution-tracker
98936297,amzn/oss-attribution-builder,Organization,"['licensing', 'open-source-tooling', 'website']",public,TypeScript,https://api.github.com/repos/amzn/oss-attribution-builder/languages,2017-07-31 22:45:32,"Wed, 15 Feb 2023 03:42:23 GMT",77,25,77,25,1,0,-1,3,-1,5,https://api.github.com/repos/amzn/oss-attribution-builder
95911524,amzn/jekyll-doc-project,Organization,[],public,HTML,https://api.github.com/repos/amzn/jekyll-doc-project/languages,2017-06-30 17:50:47,"Fri, 09 Dec 2022 21:46:46 GMT",31,48,31,48,0,0,0,1,-1,3,https://api.github.com/repos/amzn/jekyll-doc-project
86101701,amzn/amazon-instant-access-sdk-ruby,Organization,[],public,Ruby,https://api.github.com/repos/amzn/amazon-instant-access-sdk-ruby/languages,2017-03-24 19:01:15,"Sat, 10 Jul 2021 13:28:18 GMT",6,10,6,10,0,0,0,1,-1,4,https://api.github.com/repos/amzn/amazon-instant-access-sdk-ruby
75121110,amzn/style-dictionary,Organization,"['build-system', 'build-tool', 'cross-platform', 'design-systems', 'design-tokens', 'design-tools', 'style', 'style-tokens', 'styleguide']",public,JavaScript,https://api.github.com/repos/amzn/style-dictionary/languages,2016-11-29 20:53:51,"Fri, 21 Apr 2023 21:16:41 GMT",3157,472,3157,472,186,10,0,27,-1,115,https://api.github.com/repos/amzn/style-dictionary
69926042,amzn/fire-app-builder,Organization,[],public,Java,https://api.github.com/repos/amzn/fire-app-builder/languages,2016-10-04 01:44:03,"Wed, 19 Apr 2023 02:32:24 GMT",175,254,175,254,46,3,0,1,-1,6,https://api.github.com/repos/amzn/fire-app-builder
61315875,amzn/amazon-advertising-api-php-sdk,Organization,[],public,PHP,https://api.github.com/repos/amzn/amazon-advertising-api-php-sdk/languages,2016-06-16 18:16:46,"Wed, 05 Apr 2023 09:44:25 GMT",91,71,91,71,14,4,0,1,-1,3,https://api.github.com/repos/amzn/amazon-advertising-api-php-sdk
59853598,amzn/amazon-payments-magento-2-plugin,Organization,"['amazon', 'amazon-pay', 'magento2', 'php']",public,PHP,https://api.github.com/repos/amzn/amazon-payments-magento-2-plugin/languages,2016-05-27 18:00:03,"Sat, 01 Apr 2023 11:29:13 GMT",91,75,91,75,7,3,0,9,-1,40,https://api.github.com/repos/amzn/amazon-payments-magento-2-plugin
52391212,amzn/amzn-drivers,Organization,[],public,C,https://api.github.com/repos/amzn/amzn-drivers/languages,2016-02-23 20:59:03,"Fri, 14 Apr 2023 03:26:25 GMT",400,161,400,161,27,0,0,4,-1,34,https://api.github.com/repos/amzn/amzn-drivers
52069282,amzn/amazon-instant-access-sdk-net,Organization,"['amazon', 'dotnet']",public,C#,https://api.github.com/repos/amzn/amazon-instant-access-sdk-net/languages,2016-02-19 07:19:52,"Sun, 19 Jun 2022 06:57:21 GMT",9,13,9,13,0,0,0,1,-1,2,https://api.github.com/repos/amzn/amazon-instant-access-sdk-net
50205742,amzn/exoplayer-amazon-port,Organization,[],public,Java,https://api.github.com/repos/amzn/exoplayer-amazon-port/languages,2016-01-22 20:28:08,"Thu, 02 Mar 2023 08:16:43 GMT",158,79,158,79,25,0,0,47,-1,227,https://api.github.com/repos/amzn/exoplayer-amazon-port
43984404,amzn/oss-dashboard,Organization,"['dashboard', 'github', 'open-source-tooling']",public,Ruby,https://api.github.com/repos/amzn/oss-dashboard/languages,2015-10-09 23:11:40,"Wed, 05 Apr 2023 12:40:04 GMT",154,38,154,38,1,0,0,2,-1,15,https://api.github.com/repos/amzn/oss-dashboard
43388296,amzn/login-with-amazon-wordpress,Organization,[],public,PHP,https://api.github.com/repos/amzn/login-with-amazon-wordpress/languages,2015-09-29 19:03:18,"Sat, 10 Dec 2022 23:24:06 GMT",12,13,12,13,2,2,0,1,-1,3,https://api.github.com/repos/amzn/login-with-amazon-wordpress
43388250,amzn/login-with-amazon-oscommerce,Organization,[],public,PHP,https://api.github.com/repos/amzn/login-with-amazon-oscommerce/languages,2015-09-29 19:02:09,"Wed, 23 Nov 2022 13:25:24 GMT",9,7,9,7,2,0,0,2,-1,3,https://api.github.com/repos/amzn/login-with-amazon-oscommerce
41117941,amzn/alexa-coho,Organization,[],public,JavaScript,https://api.github.com/repos/amzn/alexa-coho/languages,2015-08-20 20:42:31,"Sun, 02 Oct 2022 03:02:36 GMT",62,25,62,25,4,3,0,1,-1,3,https://api.github.com/repos/amzn/alexa-coho
39471546,amzn/alexa-skills-kit-js,Organization,[],public,,https://api.github.com/repos/amzn/alexa-skills-kit-js/languages,2015-07-21 21:46:48,"Wed, 19 Apr 2023 06:50:22 GMT",1131,1064,1131,1064,11,11,0,4,-1,14,https://api.github.com/repos/amzn/alexa-skills-kit-js
36835292,amzn/amazon-instant-access-sdk-java,Organization,[],public,Java,https://api.github.com/repos/amzn/amazon-instant-access-sdk-java/languages,2015-06-03 22:59:11,"Mon, 13 Mar 2023 23:56:23 GMT",9,28,9,28,4,4,0,3,-1,8,https://api.github.com/repos/amzn/amazon-instant-access-sdk-java
36835278,amzn/amazon-instant-access-sdk-php,Organization,[],public,PHP,https://api.github.com/repos/amzn/amazon-instant-access-sdk-php/languages,2015-06-03 22:58:39,"Sun, 27 Nov 2022 13:04:40 GMT",13,21,13,21,2,1,0,1,-1,3,https://api.github.com/repos/amzn/amazon-instant-access-sdk-php
33279165,amzn/amazon-pay-sdk-samples,Organization,[],public,PHP,https://api.github.com/repos/amzn/amazon-pay-sdk-samples/languages,2015-04-01 23:52:35,"Fri, 28 Oct 2022 07:26:49 GMT",37,35,37,35,10,2,0,4,-1,10,https://api.github.com/repos/amzn/amazon-pay-sdk-samples
29876251,amzn/amazon-pay-sdk-ruby,Organization,[],public,Ruby,https://api.github.com/repos/amzn/amazon-pay-sdk-ruby/languages,2015-01-26 18:56:59,"Thu, 30 Mar 2023 07:06:13 GMT",57,32,57,32,8,3,0,3,-1,5,https://api.github.com/repos/amzn/amazon-pay-sdk-ruby
29757348,amzn/amazon-pay-sdk-python,Organization,[],public,Python,https://api.github.com/repos/amzn/amazon-pay-sdk-python/languages,2015-01-23 23:00:34,"Sun, 27 Nov 2022 13:10:47 GMT",49,38,49,38,8,4,0,2,-1,10,https://api.github.com/repos/amzn/amazon-pay-sdk-python
27617078,amzn/amazon-pay-sdk-csharp,Organization,[],public,C#,https://api.github.com/repos/amzn/amazon-pay-sdk-csharp/languages,2014-12-06 01:01:38,"Thu, 11 Aug 2022 13:18:30 GMT",45,46,45,46,12,4,0,5,-1,6,https://api.github.com/repos/amzn/amazon-pay-sdk-csharp
27605347,amzn/amazon-pay-sdk-java,Organization,[],public,Java,https://api.github.com/repos/amzn/amazon-pay-sdk-java/languages,2014-12-05 18:51:43,"Fri, 07 Apr 2023 19:56:58 GMT",52,53,52,53,14,3,0,5,-1,7,https://api.github.com/repos/amzn/amazon-pay-sdk-java
26331269,amzn/amazon-pay-sdk-php,Organization,[],public,PHP,https://api.github.com/repos/amzn/amazon-pay-sdk-php/languages,2014-11-07 18:00:47,"Fri, 17 Mar 2023 15:54:38 GMT",205,94,205,94,36,13,0,7,-1,18,https://api.github.com/repos/amzn/amazon-pay-sdk-php
